{
    "books": [
        {
            "id": "1",
            "title": "Harry Potter 1",
            "author": "JK Rowling",
            "pdate": "1997",
            "tags": [
                "harry",
                "potter",
                "harry potter 1",
                "jk rowling",
                "harry potter"
            ]
        },
        {
            "id": "2",
            "title": "Harry Potter 2",
            "author": "JK Rowling",
            "pdate": "1998",
            "tags": [
                "harry",
                "potter",
                "harry potter 2",
                "jk rowling",
                "harry potter"
            ]
        }
    ]
}